length_title,avg_score,num_posts
1,90.522603978300154,9401
2,210.94491391148185,18934
3,207.16773707137267,35812
4,218.98327997154021,61842
5,241.41509302244398,57298
6,271.75414029029969,62556
7,285.36817506939531,77455
8,288.79414063325095,94686
9,316.80767984183331,123414
10,313.84332576384566,141357
11,295.94108497466249,162013
12,304.99827928524172,181320
13,306.86824449367879,191825
14,307.79639704933305,201446
15,289.38056357336995,214453
16,285.19812380085,226202
17,268.31691836618973,264535
18,275.45027554417032,252954
19,288.25186504715037,259913
20,273.76735132131716,266363
21,267.67007029778659,268145
22,248.30521856066616,276628
23,247.31464942800383,281383
24,237.99182706626343,288758
25,222.02538739747305,298337
26,210.56442152200302,313521
27,202.75273164679695,317574
28,199.15704187722343,327505
29,196.15633022357781,326821
30,186.06209943150984,331404
31,178.91903340742789,338757
32,177.70037036387973,342366
33,167.20574433003966,346916
34,162.38327857440007,353367
35,154.37484911664669,364520
36,145.21150966894311,365345
37,140.33726750376994,370006
38,145.45735627028859,374592
39,130.15152653704692,380600
40,134.08722363591681,378441
41,121.7335888532928,379879
42,123.93057330535441,380286
43,117.5801437445426,381371
44,115.69427130732917,377992
45,120.93818648598567,377830
46,111.5581251763103,375758
47,106.74472227259625,374972
48,105.19543005908751,371821
49,105.70718750083722,373273
50,98.447430712421124,369655
51,106.73972554019228,365518
52,97.617681234442813,363176
53,93.992894645219636,359025
54,107.20161895737787,355661
55,94.6292844777025,352931
56,95.659845358161775,348418
57,91.298408111739064,345376
58,98.115845246132622,340670
59,94.360446846760823,335417
60,95.19840048015601,333225
61,102.48147615279485,319723
62,95.5254524453748,313408
63,93.41571131427466,310095
64,90.771479390100467,302476
65,94.765032877295269,296101
66,94.554724174328513,288008
67,97.830201056700076,282010
68,92.710472769065518,276689
69,91.2346887596147,273149
70,97.2277554437597,265166
71,96.9645540552596,257801
72,96.360701066926822,253157
73,94.4046342090051,249104
74,86.001097751804366,250512
75,55.706823981787039,406742
76,103.22204490424824,218064
77,97.194814783060153,209943
78,99.126749942464372,204221
79,99.308933865064986,207122
80,102.84209926314382,192982
81,111.62023087458429,189107
82,107.90279304307488,181057
83,115.83767073558103,176296
84,109.85711342148342,169862
85,116.14369186379896,165667
86,102.00589590337437,160620
87,116.58820623054957,155845
88,111.92399902198554,151327
89,122.95186786023993,146451
90,103.99179407506803,141605
91,110.97069674367842,137425
92,115.0581778671319,135292
93,114.14443667545159,130147
94,115.08355388124579,125823
95,112.87769520363747,122718
96,101.35501088965174,121216
97,116.27803786397781,116628
98,112.73619809992978,113680
99,107.87469087889664,110798
100,109.90821300982442,107488
101,109.0626784389828,98423
102,120.01620471818121,93553
103,125.58519111774265,91148
104,118.4799027663653,87624
105,121.21757769373508,85142
106,116.35640604709296,81626
107,131.59908111772211,79662
108,135.2626410498905,77189
109,141.6501527658663,74624
110,133.09363337449187,72079
111,149.41693414340571,69788
112,119.46043229197426,67732
113,147.62243240371021,65869
114,134.94028770330237,64928
115,143.55635611702573,61901
116,136.80192068654316,58729
117,132.57133058984908,58320
118,146.2259546368075,55728
119,146.06388076079028,54680
120,153.16773421017638,52613
121,146.08862678690988,50786
122,157.34421575585532,49315
123,134.59405489383732,48275
124,139.61441452936938,47022
125,166.78576194288772,44964
126,159.94844844844846,43956
127,162.23208939390381,42419
128,164.50247727163406,41578
129,154.80718345993276,39758
130,168.81140813543618,38867
131,178.07863270423641,37885
132,151.96155849853326,36471
133,155.10205802968974,35568
134,158.94450486548359,34940
135,161.76266690246715,33927
136,165.13080852886299,32689
137,150.87004798228347,32512
138,167.98570793368492,31486
139,187.1407861451645,30834
140,142.18761197000865,30142
141,210.02810535979094,28322
142,184.71815160054902,27678
143,172.10845906961293,27107
144,179.36499188403616,26491
145,203.03490696601534,26012
146,202.72433697977661,24773
147,207.0758421245572,24551
148,223.54881718632427,23926
149,192.44647711092932,23177
150,210.3083980239943,22672
151,198.1413375941564,21905
152,230.77939320274882,21391
153,200.22011494252871,20880
154,221.10132754042962,20715
155,186.70557922901588,20182
156,210.87543182280024,19684
157,222.6605915434285,19204
158,247.31218491901748,18646
159,208.86577972381278,17814
160,232.21857421650779,17422
161,244.65272162653068,17067
162,211.5096180966886,17727
163,233.99594054459183,16012
164,229.09937848401333,15607
165,219.8271523178808,15100
166,251.73082045817782,15016
167,238.52341654631735,14541
168,258.52497047996127,14397
169,275.21030074095609,13766
170,284.75010874293133,13794
171,262.22545067315764,13147
172,281.70876012842109,13082
173,264.60864458538873,12771
174,273.17013805761707,12531
175,301.06397867377581,12004
176,363.76967632027305,11740
177,270.50867404759833,11471
178,293.61349262122292,11384
179,306.89393939393966,11088
180,246.71888671693191,10743
181,300.6053527085441,10873
182,277.56724758477009,10558
183,330.21835257288143,10222
184,291.77233600474909,10107
185,379.96657353821507,10022
186,308.56298924955655,9581
187,295.57436876723938,9426
188,332.58086393989947,9584
189,368.22390809580577,9227
190,365.30059853691029,9022
191,288.98795046301433,8963
192,284.86506191413059,8641
193,340.55999536715314,8634
194,359.38280116110309,8268
195,366.43985007858788,8271
196,387.63247453564946,8345
197,403.05683425485438,7777
198,441.42622530151431,7794
199,327.85600209451462,7639
200,410.19693365054189,7566
201,388.70693277310932,7616
202,356.64857183458884,7037
203,416.83194816171317,7099
204,452.574780887758,7074
205,370.38515182333236,6883
206,355.96838905775047,6580
207,392.14305054151623,6648
208,346.18783111253839,6229
209,393.23604541154185,6342
210,409.7949133322536,6173
211,493.69025430421721,6331
212,456.69524576954052,6205
213,362.27870813397129,5852
214,315.16379751150532,5867
215,423.97163973874211,5818
216,443.02823075574275,5703
217,486.93543706927807,5514
218,453.30572540300153,5397
219,439.73150735979135,5367
220,486.09935668334504,5596
221,479.45155775076023,5264
222,469.60208530805693,5275
223,416.10271206001187,5199
224,499.92728741668338,4951
225,469.66099979761225,4941
226,544.14596403178643,4782
227,432.69083333333339,4800
228,536.44321271700483,4781
229,518.87408491947338,4781
230,487.44939528962504,4713
231,469.2018125552604,4524
232,509.4788543298277,4469
233,490.98758184691741,4429
234,476.10567470956192,4476
235,512.69026345933526,4365
236,608.04101969872534,4315
237,638.1296728971962,4280
238,671.79420840256375,4213
239,562.58245785487406,4093
240,562.04867803310992,4047
241,621.34356136820918,3976
242,659.74018357980583,3922
243,513.85564435564413,4004
244,437.1127937336808,3830
245,541.74525110590776,3843
246,390.92977824709624,3788
247,568.3242392444912,3812
248,634.15860634425383,3846
249,503.64191196327278,3703
250,654.25820856317341,3807
251,516.70845717373584,3701
252,538.3114939282691,3541
253,534.62482448750313,3561
254,674.97395400387916,3609
255,647.98165388828022,3652
256,567.37935963407517,3498
257,506.743284493284,3276
258,607.5797188154354,3343
259,630.5566978193151,3210
260,665.78365238529284,3291
261,579.47311504956429,3329
262,520.42602118003,3305
263,586.87022418692743,3167
264,910.729064039408,3248
265,566.14501891551117,3172
266,724.93132786387162,3291
267,749.31911581569079,3212
268,698.115919140872,3166
269,876.73902053712493,3165
270,924.55784865540977,3198
271,699.73291925465821,3059
272,682.70508367540253,3167
273,811.921286370598,3265
274,709.84168704156468,3272
275,780.44917109790481,3197
276,721.72975578406147,3112
277,671.30944831959448,3154
278,561.17375455650085,3292
279,872.7331091409352,3271
280,658.20326958667476,3242
281,905.40421686746993,3320
282,937.01790048543728,3296
283,1131.0994258084017,3309
284,680.678676039836,3414
285,853.53843922251156,3447
286,905.66048862679042,3561
287,801.75007333528936,3409
288,798.81233315536565,3746
289,889.855808080809,3960
290,793.04563492063448,4032
291,1130.2911032028467,4215
292,1001.4391788600142,4579
293,1023.800325998371,4908
294,1065.4235294117661,5270
295,1072.483921432296,5753
296,1123.3878326996185,6312
297,1122.5761808755756,6944
298,1128.0173301519528,7963
299,1237.6458804523413,9285
300,1036.3541495480683,10953
