length_title,avg_score,avg_comments,num_posts
1,40.804163273077293,1.7894987359981389,472705
2,65.521526214999753,2.7964402021032577,739424
3,65.577613666081945,3.0399751996115363,1361269
4,92.408733993858263,3.5595414952585118,2588850
5,84.22304185162244,3.2035360392867132,2210213
6,129.38258752527122,3.3703706685329706,3850745
7,105.84454373646994,3.9859016050539591,2858907
8,99.618349115664429,4.2080253995811372,2939891
9,104.93650427032154,4.5314993497756531,3818682
10,103.99571883112675,4.7589537335328149,3773035
11,100.53567528670227,4.7100085890026353,4414948
12,111.30907942536678,4.941647707419814,4954047
13,99.161904828531846,5.2751283187529969,5002971
14,97.729756152856922,5.5165790784280233,5381240
15,98.885746605508217,5.7013510929168891,5474753
16,99.072840214782033,6.1744756446788287,5643120
17,92.916982354624608,6.4059370946303025,6244300
18,91.067145182827659,6.0525811993169381,6273421
19,89.54117752818162,6.1621487304023139,6273956
20,86.880047333433225,6.2545658307518064,6512944
21,82.042319008371891,6.4081792119631293,6636923
22,79.465729180973824,6.4695675715260919,6800246
23,76.455257292359278,6.4567331097684342,6918200
24,74.368942364448728,6.7372965054462135,6983295
25,72.681979335675337,6.4847081743398087,7276502
26,70.29546163527128,6.56738502845082,7183799
27,68.135448270357841,6.673254783438618,7216984
28,67.275973175800559,6.8936249630990165,7225417
29,65.458989107591435,7.0552288057596337,7272129
30,63.448284308409676,6.9463894160385955,7377200
31,60.839573021567062,7.028429300572812,7450025
32,60.689891897063063,7.1966693088792022,7317100
33,59.286536086614582,7.2931594629151411,7240718
34,58.570462900459368,7.5735371520864225,7202543
35,57.4507595831187,7.6710211429494768,7210205
36,56.326284252850137,7.61919177755081,7081491
37,55.281314663504254,7.57462483109434,7046093
38,53.856972823443144,7.57742308365599,7054905
39,53.562883892270243,7.641187322277097,6938470
40,52.918675542954517,7.9871626235682589,6865032
41,51.5714245148573,7.8096132864858587,6761517
42,50.614075949351921,7.9660956507283807,6671209
43,50.166254475583116,8.0335734503526073,6576238
44,49.3872613213089,8.0800112322117386,6456431
45,49.083799689150368,8.1409317335055356,6352267
46,48.7904896608236,8.1361149439068878,6188549
47,47.897283288630206,8.1762955850517347,6115519
48,47.145671898283133,8.2369338315487,6007576
49,46.170620255134459,8.11518415861572,5943925
50,45.976738129894734,8.2936595230850685,5836848
51,45.821108614915893,8.1174235549404337,5741182
52,44.987882086717967,8.1374713191649928,5638347
53,44.802868972427461,8.0501222913468311,5564989
54,45.392033792313015,8.30665601653664,5507288
55,44.0914696785427,8.229393681971807,5399691
56,44.528136825937956,8.3372057252337282,5305076
57,43.547649525751979,8.3447896132068031,5244198
58,43.983155810497237,8.3060719736797477,5159525
59,43.332836708142182,8.2770269605712112,5083646
60,42.335605927662719,8.04425387599946,5088752
61,43.896133796125305,8.3562173558736834,4774787
62,43.272797167649813,8.3146245079525389,4687556
63,43.332063620119612,8.29166773966883,4620991
64,43.054425509734358,8.4487357105120982,4531478
65,43.613560669788491,8.340847181957,4431728
66,42.807706041795754,8.1629471301360965,4323881
67,43.2416276932081,8.1825604164934731,4258026
68,42.712295200784105,8.005243637508622,4166764
69,42.263423564885841,7.9966294061121221,4106398
70,42.917009772445986,7.8741878806333059,4016497
71,43.669149561401873,8.0027904861682977,3835174
72,43.971939294206088,7.9338347885634759,3742707
73,44.029786752405663,8.0244396673631257,3648904
74,43.749013723301587,8.0142002383837312,3541349
75,36.266950712071242,6.5754064613803829,4214115
76,45.389715543593717,8.2840072259969642,3272628
77,45.744831220457051,8.2857223789758,3159595
78,45.712781792637962,8.3638203136947968,3086312
79,45.670742959193618,8.24925057067546,3029305
80,46.2724188263208,8.3059239456531486,2919912
81,47.776432875173278,8.5220121592113678,2759225
82,47.356757284491074,8.5004240607129748,2683578
83,48.410547629890814,8.5972979476963989,2588847
84,48.278157295148475,8.5865339869852662,2503473
85,49.667603103965128,8.6341181439314134,2434048
86,48.003591284493211,8.5474425572729729,2356260
87,49.85731022127419,8.4143697511209847,2295252
88,49.56309972376701,8.6286698991064767,2211539
89,50.04720767154042,8.6286693690742,2127239
90,49.524488951516865,8.6143531872767163,2037429
91,50.436418597955935,8.75411020173147,1945160
92,51.284702604062005,8.6848545783845648,1897689
93,52.005719642413112,8.8933645843695874,1829486
94,52.638950027926676,9.07887354670254,1751018
95,52.343973054296185,8.9307606167930373,1711887
96,51.401095399009691,9.0211036958377946,1653644
97,53.945283369269319,9.2193663734084588,1588475
98,51.92453694826861,9.0440292211527318,1564620
99,51.997811936215093,8.9597121351299478,1513210
100,52.326780018344373,8.9479273618355251,1460940
101,54.046956423595354,9.1070622391849909,1346740
102,54.738137318834717,9.1411477979812776,1301919
103,55.228151752711561,9.22628524734588,1253144
104,55.664850418341075,9.3014034317241183,1197707
105,54.857843803143552,9.39500671468685,1163122
106,56.245900729087623,9.0895825814234463,1116601
107,57.456673751852726,9.1708047687018723,1094302
108,55.805351694643569,9.000737293472989,1060636
109,58.530196269319745,9.3523221278372315,1010754
110,58.533585404720242,9.3366936059046175,981468
111,59.429768368712686,9.3444430091314068,944432
112,59.496906273332193,9.325511506771873,909421
113,60.681490846998543,9.5374410291136833,888998
114,57.844423716440893,9.29051481408525,863030
115,60.07907619678533,9.4754042296737087,836282
116,60.194515145995247,9.3949146576212375,812492
117,61.431645033502214,9.4345818687198957,788604
118,61.160912339350276,9.2244562749652879,759805
119,60.147242946689467,9.0964924914092311,742949
120,59.945698968124482,9.1542902247472231,730999
121,61.539327111191149,9.024801395909142,699759
122,59.44386624559445,8.9073888287911061,687768
123,58.893834270332071,8.9095017032731239,671648
124,58.65562994652079,8.81507232417323,656143
125,62.429329789123635,8.8433447907285423,641798
126,59.882254861287436,8.594281450680425,633937
127,58.197473543379992,8.6538034759782185,630844
128,56.39180123152444,8.298032609683121,649439
129,62.442739725038017,8.8906525923491735,553822
130,67.505799391374921,9.43189915910219,538591
131,66.422085463279117,10.198486543037118,512337
132,65.375243282223238,9.653944608347981,501989
133,66.528889128993839,9.3732283889949741,481271
134,66.130644126283883,9.5177658503002345,470622
135,67.939654203587764,9.4176161659822917,462700
136,65.445287295810317,9.3560953961751974,459683
137,66.578673208085831,9.4479129027697049,445571
138,68.9104268034574,9.39754032138769,439407
139,66.330415219292476,9.3169454600480144,449377
140,66.006199325768563,9.2590546432557215,432789
141,72.162941900805762,9.5853962609277641,391434
142,71.636670430664878,9.7025652633555435,388771
143,67.631946397770989,9.6384503117951414,376850
144,69.94986548487438,9.6268593548665233,370962
145,72.141782570107083,9.5914493304888069,362802
146,73.33532650256646,9.8994601794134542,354377
147,75.3095267081753,10.244251973981697,344988
148,73.190881126370513,9.77327373209125,343617
149,70.28663453585186,9.535618147967357,342143
150,69.6320093858117,9.078320716153419,350316
151,74.04542372236871,9.77913645812209,315584
152,73.291021130183069,9.546400870866778,308658
153,73.139147749388087,9.5718867311521549,310871
154,72.364125539901764,9.4547402883420624,304222
155,72.959091955518687,9.2668348230520916,299721
156,74.451178370944348,9.3696779266935142,293753
157,76.307759840196823,9.72731085567237,281346
158,76.473373653931247,9.7379856731153236,277939
159,75.6676481799865,9.8290883206397766,257086
160,75.637635908765773,10.128539753931523,253019
161,79.047939975029934,10.03502668719217,247497
162,76.66639875338312,9.5804806036250323,243860
163,80.515798566122456,9.9409691629955983,231540
164,77.92895343314035,10.020719349788013,227372
165,78.814577166537674,10.121635775763936,219590
166,82.631315593410449,10.570291301428446,217438
167,78.608895329188286,10.498937504918949,216001
168,80.700588490666021,10.256967825961125,207310
169,84.6222592311081,10.163005853105906,206557
170,81.45230567971214,9.7484267068372681,201806
171,79.398541560428342,10.067287098419179,196100
172,75.7418323396092,9.28041360242256,212668
173,76.499647639182541,10.238284655338903,191565
174,83.396260373962591,10.480735259807348,180018
175,84.822202605280737,10.74968028157857,176718
176,89.0169880808509,10.273281288482355,174593
177,83.141919185971176,10.485637903216295,169822
178,91.297452782401052,11.162505728827453,165828
179,87.462918893851679,10.875649849893824,163884
180,84.990278247579027,10.290925946805958,159642
181,90.047425224342888,10.743520927008275,157237
182,83.299784857314492,10.301723079706168,154781
183,88.4001323401273,10.531417677234215,152637
184,87.37073928600249,10.323202227542973,148684
185,97.118985007342644,11.20967180082647,146405
186,86.220901408841954,10.611766503030859,144019
187,83.609735642147854,10.585576252193594,141891
188,92.764362439240543,10.973304539283465,142159
189,92.692108161372516,11.497616218409465,138016
190,87.689739940483875,9.9103161254150987,139122
191,82.695602042497086,9.8913365751648854,139633
192,85.60405289524752,9.90859171668848,132942
193,92.826625789385034,10.426199177357439,130798
194,94.782986776542728,11.263774434649283,125232
195,87.99753242145934,10.465016358547826,126845
196,96.875703553098063,11.275272123180676,120993
197,94.0016702379885,10.850273348704974,122737
198,96.0657102536053,11.276778034788281,119753
199,91.617687188019914,11.415806988352742,120200
200,90.697882936862086,10.6359008354368,117663
201,98.661270159324,11.773470817189615,112789
202,95.268551708189065,12.535022102838242,112429
203,94.521300694190771,10.61448666423091,109480
204,97.7278020781424,11.391349685325661,108366
205,91.551139459296991,10.965177447536032,106454
206,88.398642010979458,10.6933448906867,103830
207,91.444893744330159,12.284815379567249,103618
208,92.040488349351534,11.302284692657965,101239
209,88.011225109215957,11.166655056772392,100489
210,92.055291466139266,11.469003119863796,101607
211,105.43601152596905,13.410984289248878,98213
212,97.48503677934491,11.845149527422103,95434
213,95.93168525713341,11.705518653131152,95748
214,94.011497443233353,11.443009191549333,93673
215,93.3473420271529,12.504977336776562,93323
216,100.48967736267598,12.867013682985231,91062
217,99.253793951639551,11.981573803614967,91066
218,92.544584914069461,12.167741023773559,91993
219,94.662172661212921,12.151832640190113,87524
220,101.6441039633401,12.699735310922197,85761
221,104.60800140375513,12.657179622155933,85485
222,101.94900171811126,12.795521061674274,84395
223,100.99652001291535,13.208021908372302,83621
224,109.7991370459101,12.115997653156024,81812
225,102.42119565217396,13.905234038386217,81696
226,100.99909877207696,13.868946439523864,79891
227,96.179481075934362,14.993760884000046,79819
228,103.58790804538349,12.627354045925673,77473
229,108.74235031533054,14.475123926189289,77062
230,99.186779018877758,13.20146319158664,76545
231,103.0728988107102,16.031267025446816,75255
232,103.47844552983655,14.617089615629652,75344
233,96.398588172615945,14.531832711774106,75080
234,96.503137022379761,15.082472663090702,72521
235,102.35638890436131,15.578051022113302,71812
236,83.892612511226659,11.921374698364954,92413
237,116.00009854852108,15.707606537990456,71031
238,118.7258451227549,24.501437164369552,71321
239,96.390872061776918,16.180649449834519,70706
240,96.850085777765429,15.593399330652185,71114
241,103.08765683282478,13.4075675370182,70776
242,103.86853606270788,16.687954660801875,70932
243,100.44078478002379,15.193653388822842,67280
244,94.799810830693417,21.663323674688829,66607
245,101.86433256984384,18.900746350052202,64179
246,106.35817641855174,19.373910021483614,63304
247,103.48954755743742,21.573418019289569,63765
248,110.65333312135331,16.106774352533435,62899
249,100.87202347901952,18.928024113587679,63035
250,119.09758212118295,17.654930481970247,62286
251,112.95001695161542,21.406402867244616,61941
252,113.11083036637186,18.802539828381118,60949
253,100.50625234973933,19.532209817415037,61177
254,110.2182924901186,22.955841897233224,63250
255,105.89154065027654,17.718772978675787,62558
256,105.9024418662715,23.290493866205033,60077
257,101.80355572416407,22.981221223983024,57991
258,110.85048346767852,19.536570439404777,57191
259,109.82974252992339,22.74626711444073,58065
260,115.16577663035797,26.518124911585822,56552
261,104.64902842596521,19.342961391599491,58925
262,108.93063105223382,19.656107131286202,55558
263,116.41247423053275,34.6428080581576,55298
264,132.83351767938063,28.158811146394566,56054
265,106.52756480467316,25.617726316521477,57519
266,124.8089667555362,29.359903513067444,55137
267,119.22431288468277,25.671312126869147,54103
268,115.95307544837227,33.667962661028845,55813
269,141.11627518646341,27.906935322275405,53898
270,128.39393174565976,28.798608231624844,55469
271,117.42804618117228,21.945577264653636,56300
272,119.06559965549427,35.9156498959305,55732
273,123.3873098007996,31.362975158763177,55271
274,122.59032926872129,24.404434761218692,56914
275,127.06752371442838,26.895460380857283,56084
276,116.07798903171117,29.277771049945507,57803
277,116.90628798169723,31.161632229927797,55948
278,116.7941791800237,28.221089927450663,59270
279,112.22991693650569,27.054315078135993,71030
280,133.96118129339922,29.598259851083412,59765
281,138.09838113863529,32.781182094741411,55224
282,139.99402925483659,37.630104170447567,55102
283,143.80297582357377,31.002277241284837,58404
284,128.28134645723296,38.002709376500462,58316
285,136.50958908881893,32.808444668954337,57409
286,141.29027172089889,33.629989936263016,59620
287,134.34987573285744,35.689348075452422,62768
288,132.46793169491244,30.516649767434338,62133
289,137.85492284117802,29.190846193136974,64607
290,128.65817160519512,27.280782833536421,67294
291,156.53196379625393,34.54205687528551,70048
292,145.12184092236225,29.882925703111209,73637
293,143.19156833132845,32.318145749609613,78134
294,151.5530082194401,38.227563796234371,83704
295,144.70746405528453,42.952368475638409,91599
296,133.84276767958696,28.255364058193496,114652
297,154.08879388546862,37.996014359884953,103622
298,146.63746629662137,31.57957950834583,126471
299,137.59263055549027,38.786771079821023,170732
300,74.049415557766636,27.569089368436281,338699
