avg_score,dayofweek,hourofday
46.232435273411035,1,0
45.78623123989086,1,1
50.825797553306778,1,2
57.439210790629865,1,3
67.003636839658469,1,4
81.741357802204433,1,5
102.48906455690586,1,6
111.06673003281908,1,7
109.83595473290491,1,8
98.585146728211868,1,9
85.668307741462371,1,10
77.2098090032864,1,11
67.887380282068776,1,12
63.999045439733358,1,13
60.285887961971234,1,14
61.660326806474956,1,15
59.018710262574906,1,16
57.512721847671123,1,17
58.839833142377707,1,18
56.85177100592233,1,19
58.23757390112798,1,20
57.218056004316836,1,21
48.65538664301242,1,22
42.686749500391024,1,23
40.524402556083253,2,0
40.457500103189666,2,1
42.988872578868211,2,2
50.2526261723808,2,3
59.734248704491286,2,4
78.749964053609688,2,5
93.105932514439246,2,6
94.57334558027955,2,7
90.75719378001132,2,8
80.96872949879176,2,9
74.147088565254947,2,10
65.267570186881272,2,11
61.472957848966523,2,12
57.518456331962824,2,13
55.759927941549584,2,14
53.775561612312259,2,15
53.569126363772305,2,16
52.964817009993538,2,17
52.748335204061839,2,18
53.806013757366294,2,19
53.446808819324474,2,20
49.606147016204012,2,21
43.944050570273994,2,22
40.789787587698981,2,23
38.555789620005378,3,0
38.673540292107049,3,1
43.68628406790851,3,2
50.323269698105456,3,3
58.490979122001654,3,4
77.265134830547055,3,5
94.255276060033864,3,6
92.933798794209793,3,7
87.008042924715838,3,8
79.074551507857223,3,9
71.018268283974322,3,10
64.858233870694946,3,11
59.021429179471795,3,12
57.591474369049969,3,13
56.191539746055682,3,14
55.072012010105496,3,15
52.831059359980259,3,16
52.796170491605018,3,17
53.11387102341336,3,18
54.5394894099438,3,19
54.744518626291153,3,20
50.246946091985578,3,21
45.935675488527096,3,22
41.971183548825152,3,23
39.124068319183586,4,0
39.227003765018331,4,1
43.159160414443342,4,2
51.308394736254535,4,3
59.944291641847165,4,4
77.957827388463031,4,5
93.936724528946783,4,6
92.760470968901657,4,7
87.2229087579016,4,8
78.165503385496379,4,9
70.927392207325624,4,10
65.64600249816165,4,11
61.070866277204033,4,12
57.243543253092518,4,13
56.639500322448939,4,14
55.365785822045453,4,15
53.906853410005553,4,16
53.405657128481792,4,17
52.482287964603024,4,18
54.4650296560117,4,19
53.041575388554868,4,20
49.667102026015279,4,21
44.811846787961628,4,22
42.088267267192258,4,23
39.03927449757321,5,0
40.346588133269577,5,1
43.775870597636093,5,2
51.732119684068977,5,3
60.382484491868169,5,4
79.103160791153869,5,5
92.878100802463891,5,6
93.658192531260269,5,7
88.421036224631877,5,8
77.9476373076572,5,9
71.16467907957572,5,10
64.17973525498212,5,11
59.985996530309457,5,12
58.256747601592068,5,13
56.5881436631543,5,14
54.286474078907126,5,15
53.673365045113407,5,16
53.3850351600705,5,17
52.654302333406967,5,18
55.395983203543679,5,19
54.664806865204895,5,20
50.754209312762875,5,21
47.073099523600263,5,22
42.669709194527364,5,23
40.587089592026,6,0
41.08057164342403,6,1
44.067254310058125,6,2
49.613394122358478,6,3
60.811438179941476,6,4
77.633656660103583,6,5
95.1376839264854,6,6
96.028607865476133,6,7
90.2027660463174,6,8
80.288030766263219,6,9
71.227236382987471,6,10
64.54530644178017,6,11
60.35292510581121,6,12
58.251327903865764,6,13
56.692240938610404,6,14
55.747119981802641,6,15
54.208276657532195,6,16
53.708083578942613,6,17
53.589204560261571,6,18
54.46979463426127,6,19
54.83667791380816,6,20
53.588276297816847,6,21
49.861741506207728,6,22
43.81015769331632,6,23
41.594930805614077,7,0
42.089048752953644,7,1
47.091858621327816,7,2
54.976352704116543,7,3
64.519735388680729,7,4
81.462623087020091,7,5
100.83707231141663,7,6
110.89692164239712,7,7
105.98761240041732,7,8
92.153682525727788,7,9
82.57091324541031,7,10
73.513225512818678,7,11
65.496807290492242,7,12
62.569688886833127,7,13
61.533217631579056,7,14
60.191050745273991,7,15
59.788950185895111,7,16
59.09421193106126,7,17
58.710905019451779,7,18
60.172829363737165,7,19
59.221633432933594,7,20
56.690362402691882,7,21
54.043873230922628,7,22
48.697151472074111,7,23
